burned;dim;empty;endOfBurning;finalTime;fireDuration;forest;simulations
9887;100;0.01;131;200;131;0;"1_execution_empty_0.01_"
9887;100;0.01;171;200;171;0;"2_execution_empty_0.01_"
9887;100;0.01;163;200;163;0;"3_execution_empty_0.01_"
9887;100;0.01;153;200;153;0;"4_execution_empty_0.01_"
9887;100;0.01;155;200;155;0;"5_execution_empty_0.01_"
9887;100;0.01;159;200;159;0;"6_execution_empty_0.01_"
9887;100;0.01;184;200;184;0;"7_execution_empty_0.01_"
9887;100;0.01;178;200;178;0;"8_execution_empty_0.01_"
9887;100;0.01;168;200;168;0;"9_execution_empty_0.01_"
9887;100;0.01;136;200;136;0;"10_execution_empty_0.01_"
9688;100;0.03;142;200;142;0;"1_execution_empty_0.03_"
9688;100;0.03;165;200;165;0;"2_execution_empty_0.03_"
9688;100;0.03;154;200;154;0;"3_execution_empty_0.03_"
9688;100;0.03;133;200;133;0;"4_execution_empty_0.03_"
9688;100;0.03;104;200;104;0;"5_execution_empty_0.03_"
9688;100;0.03;146;200;146;0;"6_execution_empty_0.03_"
9688;100;0.03;148;200;148;0;"7_execution_empty_0.03_"
9688;100;0.03;142;200;142;0;"8_execution_empty_0.03_"
9688;100;0.03;163;200;163;0;"9_execution_empty_0.03_"
9687;100;0.03;190;200;190;0;"10_execution_empty_0.03_"
9486;100;0.05;163;200;163;0;"1_execution_empty_0.05_"
9486;100;0.05;143;200;143;0;"2_execution_empty_0.05_"
9486;100;0.05;138;200;138;0;"3_execution_empty_0.05_"
9486;100;0.05;130;200;130;0;"4_execution_empty_0.05_"
9486;100;0.05;127;200;127;0;"5_execution_empty_0.05_"
9486;100;0.05;163;200;163;0;"6_execution_empty_0.05_"
9486;100;0.05;149;200;149;0;"7_execution_empty_0.05_"
9486;100;0.05;155;200;155;0;"8_execution_empty_0.05_"
9486;100;0.05;155;200;155;0;"9_execution_empty_0.05_"
9486;100;0.05;156;200;156;0;"10_execution_empty_0.05_"
9289;100;0.07;147;200;147;0;"1_execution_empty_0.07_"
9289;100;0.07;145;200;145;0;"2_execution_empty_0.07_"
9289;100;0.07;127;200;127;0;"3_execution_empty_0.07_"
9289;100;0.07;138;200;138;0;"4_execution_empty_0.07_"
9290;100;0.07;172;200;172;0;"5_execution_empty_0.07_"
9290;100;0.07;161;200;161;0;"6_execution_empty_0.07_"
9290;100;0.07;131;200;131;0;"7_execution_empty_0.07_"
9290;100;0.07;117;200;117;0;"8_execution_empty_0.07_"
9290;100;0.07;187;200;187;0;"9_execution_empty_0.07_"
9289;100;0.07;116;200;116;0;"10_execution_empty_0.07_"
9099;100;0.09;134;200;134;1;"1_execution_empty_0.09_"
9099;100;0.09;165;200;165;1;"2_execution_empty_0.09_"
9099;100;0.09;135;200;135;1;"3_execution_empty_0.09_"
9099;100;0.09;137;200;137;2;"4_execution_empty_0.09_"
9098;100;0.09;161;200;161;3;"5_execution_empty_0.09_"
9100;100;0.09;124;200;124;1;"6_execution_empty_0.09_"
9101;100;0.09;106;200;106;1;"7_execution_empty_0.09_"
9100;100;0.09;155;200;155;1;"8_execution_empty_0.09_"
9100;100;0.09;115;200;115;1;"9_execution_empty_0.09_"
9100;100;0.09;145;200;145;1;"10_execution_empty_0.09_"
8921;100;0.11;161;200;161;2;"1_execution_empty_0.11_"
8921;100;0.11;129;200;129;2;"2_execution_empty_0.11_"
8921;100;0.11;154;200;154;2;"3_execution_empty_0.11_"
8921;100;0.11;167;200;167;2;"4_execution_empty_0.11_"
8921;100;0.11;126;200;126;2;"5_execution_empty_0.11_"
8920;100;0.11;153;200;153;3;"6_execution_empty_0.11_"
8920;100;0.11;161;200;161;3;"7_execution_empty_0.11_"
8922;100;0.11;114;200;114;2;"8_execution_empty_0.11_"
8922;100;0.11;151;200;151;2;"9_execution_empty_0.11_"
8922;100;0.11;158;200;158;2;"10_execution_empty_0.11_"
8718;100;0.13;154;200;154;4;"1_execution_empty_0.13_"
8718;100;0.13;163;200;163;4;"2_execution_empty_0.13_"
8718;100;0.13;149;200;149;5;"3_execution_empty_0.13_"
8715;100;0.13;152;200;152;7;"4_execution_empty_0.13_"
8713;100;0.13;134;200;134;10;"5_execution_empty_0.13_"
8716;100;0.13;149;200;149;6;"6_execution_empty_0.13_"
8718;100;0.13;150;200;150;4;"7_execution_empty_0.13_"
8718;100;0.13;163;200;163;4;"8_execution_empty_0.13_"
8719;100;0.13;148;200;148;4;"9_execution_empty_0.13_"
8719;100;0.13;164;200;164;4;"10_execution_empty_0.13_"
8503;100;0.15;171;200;171;8;"1_execution_empty_0.15_"
8503;100;0.15;142;200;142;8;"2_execution_empty_0.15_"
8503;100;0.15;180;200;180;7;"3_execution_empty_0.15_"
8503;100;0.15;172;200;172;7;"4_execution_empty_0.15_"
8502;100;0.15;175;200;175;7;"5_execution_empty_0.15_"
8502;100;0.15;140;200;140;7;"6_execution_empty_0.15_"
8502;100;0.15;172;200;172;8;"7_execution_empty_0.15_"
8502;100;0.15;187;200;187;7;"8_execution_empty_0.15_"
8501;100;0.15;139;200;139;8;"9_execution_empty_0.15_"
8502;100;0.15;145;200;145;7;"10_execution_empty_0.15_"
8315;100;0.17;151;200;151;8;"1_execution_empty_0.17_"
8317;100;0.17;175;200;175;8;"2_execution_empty_0.17_"
8317;100;0.17;155;200;155;8;"3_execution_empty_0.17_"
8318;100;0.17;109;200;109;7;"4_execution_empty_0.17_"
8316;100;0.17;146;200;146;8;"5_execution_empty_0.17_"
8316;100;0.17;154;200;154;8;"6_execution_empty_0.17_"
8315;100;0.17;157;200;157;9;"7_execution_empty_0.17_"
8317;100;0.17;156;200;156;7;"8_execution_empty_0.17_"
8316;100;0.17;138;200;138;8;"9_execution_empty_0.17_"
8317;100;0.17;165;200;165;7;"10_execution_empty_0.17_"
8100;100;0.19;120;200;120;13;"1_execution_empty_0.19_"
8100;100;0.19;151;200;151;13;"2_execution_empty_0.19_"
8103;100;0.19;157;200;157;11;"3_execution_empty_0.19_"
8100;100;0.19;176;200;176;13;"4_execution_empty_0.19_"
8101;100;0.19;155;200;155;13;"5_execution_empty_0.19_"
8098;100;0.19;150;200;150;15;"6_execution_empty_0.19_"
8093;100;0.19;159;200;159;19;"7_execution_empty_0.19_"
8090;100;0.19;164;200;164;22;"8_execution_empty_0.19_"
8100;100;0.19;162;200;162;12;"9_execution_empty_0.19_"
8096;100;0.19;140;200;140;16;"10_execution_empty_0.19_"
7888;100;0.21;162;200;162;17;"1_execution_empty_0.21_"
7878;100;0.21;118;200;118;26;"2_execution_empty_0.21_"
7884;100;0.21;131;200;131;21;"3_execution_empty_0.21_"
7885;100;0.21;155;200;155;21;"4_execution_empty_0.21_"
7888;100;0.21;138;200;138;17;"5_execution_empty_0.21_"
7890;100;0.21;180;200;180;16;"6_execution_empty_0.21_"
7888;100;0.21;126;200;126;17;"7_execution_empty_0.21_"
7889;100;0.21;180;200;180;17;"8_execution_empty_0.21_"
7889;100;0.21;168;200;168;15;"9_execution_empty_0.21_"
7889;100;0.21;120;200;120;15;"10_execution_empty_0.21_"
7669;100;0.23;186;200;186;35;"1_execution_empty_0.23_"
7669;100;0.23;106;200;106;35;"2_execution_empty_0.23_"
7669;100;0.23;195;200;195;35;"3_execution_empty_0.23_"
7679;100;0.23;141;200;141;25;"4_execution_empty_0.23_"
7678;100;0.23;158;200;158;25;"5_execution_empty_0.23_"
7674;100;0.23;135;200;135;29;"6_execution_empty_0.23_"
7674;100;0.23;149;200;149;28;"7_execution_empty_0.23_"
7670;100;0.23;159;200;159;31;"8_execution_empty_0.23_"
7663;100;0.23;157;200;157;39;"9_execution_empty_0.23_"
7672;100;0.23;143;200;143;30;"10_execution_empty_0.23_"
7430;100;0.25;158;200;158;55;"1_execution_empty_0.25_"
7421;100;0.25;170;200;170;64;"2_execution_empty_0.25_"
7433;100;0.25;135;200;135;53;"3_execution_empty_0.25_"
7435;100;0.25;162;200;162;51;"4_execution_empty_0.25_"
7435;100;0.25;149;200;149;50;"5_execution_empty_0.25_"
7436;100;0.25;134;200;134;48;"6_execution_empty_0.25_"
7433;100;0.25;145;200;145;50;"7_execution_empty_0.25_"
7438;100;0.25;160;200;160;46;"8_execution_empty_0.25_"
7439;100;0.25;145;200;145;45;"9_execution_empty_0.25_"
7436;100;0.25;194;200;194;48;"10_execution_empty_0.25_"
7217;100;0.27;144;200;144;71;"1_execution_empty_0.27_"
7214;100;0.27;166;200;166;74;"2_execution_empty_0.27_"
7206;100;0.27;190;200;190;83;"3_execution_empty_0.27_"
7222;100;0.27;151;200;151;68;"4_execution_empty_0.27_"
7220;100;0.27;160;200;160;68;"5_execution_empty_0.27_"
7211;100;0.27;125;200;125;78;"6_execution_empty_0.27_"
7213;100;0.27;150;200;150;76;"7_execution_empty_0.27_"
7211;100;0.27;138;200;138;76;"8_execution_empty_0.27_"
7202;100;0.27;162;200;162;85;"9_execution_empty_0.27_"
7214;100;0.27;138;200;138;73;"10_execution_empty_0.27_"
6963;100;0.29;130;200;130;125;"1_execution_empty_0.29_"
6943;100;0.29;190;200;190;145;"2_execution_empty_0.29_"
6943;100;0.29;137;200;137;145;"3_execution_empty_0.29_"
6945;100;0.29;190;200;190;143;"4_execution_empty_0.29_"
6938;100;0.29;182;200;182;149;"5_execution_empty_0.29_"
6934;100;0.29;171;200;171;154;"6_execution_empty_0.29_"
6977;100;0.29;153;200;153;111;"7_execution_empty_0.29_"
6973;100;0.29;151;200;151;116;"8_execution_empty_0.29_"
6974;100;0.29;133;200;133;115;"9_execution_empty_0.29_"
6970;100;0.29;141;200;141;120;"10_execution_empty_0.29_"
6688;100;0.31;194;200;194;201;"1_execution_empty_0.31_"
6684;100;0.31;183;200;183;206;"2_execution_empty_0.31_"
6706;100;0.31;163;200;163;185;"3_execution_empty_0.31_"
6697;100;0.31;124;200;124;193;"4_execution_empty_0.31_"
6685;100;0.31;167;200;167;205;"5_execution_empty_0.31_"
6691;100;0.31;112;200;112;198;"6_execution_empty_0.31_"
6683;100;0.31;171;200;171;206;"7_execution_empty_0.31_"
6683;100;0.31;152;200;152;206;"8_execution_empty_0.31_"
6687;100;0.31;154;200;154;202;"9_execution_empty_0.31_"
6664;100;0.31;0;200;0;217;"10_execution_empty_0.31_"
6451;100;0.33;187;200;187;261;"1_execution_empty_0.33_"
6440;100;0.33;192;200;192;272;"2_execution_empty_0.33_"
6450;100;0.33;196;200;196;263;"3_execution_empty_0.33_"
6447;100;0.33;190;200;190;265;"4_execution_empty_0.33_"
6377;100;0.33;0;200;0;330;"5_execution_empty_0.33_"
6406;100;0.33;0;200;0;300;"6_execution_empty_0.33_"
6437;100;0.33;163;200;163;275;"7_execution_empty_0.33_"
6439;100;0.33;187;200;187;272;"8_execution_empty_0.33_"
6443;100;0.33;167;200;167;268;"9_execution_empty_0.33_"
6350;100;0.33;177;200;177;361;"10_execution_empty_0.33_"
6046;100;0.35;199;200;199;475;"1_execution_empty_0.35_"
6049;100;0.35;194;200;194;472;"2_execution_empty_0.35_"
6048;100;0.35;0;200;0;470;"3_execution_empty_0.35_"
6087;100;0.35;174;200;174;436;"4_execution_empty_0.35_"
6097;100;0.35;187;200;187;425;"5_execution_empty_0.35_"
6095;100;0.35;0;200;0;426;"6_execution_empty_0.35_"
6124;100;0.35;194;200;194;399;"7_execution_empty_0.35_"
6125;100;0.35;169;200;169;399;"8_execution_empty_0.35_"
5979;100;0.35;0;200;0;540;"9_execution_empty_0.35_"
6029;100;0.35;162;200;162;496;"10_execution_empty_0.35_"
5721;100;0.37;0;200;0;597;"1_execution_empty_0.37_"
5707;100;0.37;192;200;192;615;"2_execution_empty_0.37_"
1;100;0.37;1;200;1;6321;"3_execution_empty_0.37_"
5580;100;0.37;0;200;0;736;"4_execution_empty_0.37_"
5732;100;0.37;163;200;163;590;"5_execution_empty_0.37_"
5332;100;0.37;0;200;0;961;"6_execution_empty_0.37_"
5754;100;0.37;182;200;182;567;"7_execution_empty_0.37_"
5744;100;0.37;0;200;0;575;"8_execution_empty_0.37_"
5753;100;0.37;193;200;193;568;"9_execution_empty_0.37_"
5708;100;0.37;149;200;149;613;"10_execution_empty_0.37_"
11;100;0.39;7;200;7;6101;"1_execution_empty_0.39_"
4771;100;0.39;0;200;0;1326;"2_execution_empty_0.39_"
2;100;0.39;2;200;2;6111;"3_execution_empty_0.39_"
4473;100;0.39;0;200;0;1624;"4_execution_empty_0.39_"
12;100;0.39;6;200;6;6102;"5_execution_empty_0.39_"
5113;100;0.39;189;200;189;1001;"6_execution_empty_0.39_"
5090;100;0.39;0;200;0;1018;"7_execution_empty_0.39_"
5084;100;0.39;0;200;0;1024;"8_execution_empty_0.39_"
5117;100;0.39;0;200;0;995;"9_execution_empty_0.39_"
5044;100;0.39;0;200;0;1060;"10_execution_empty_0.39_"
2820;100;0.41;183;200;183;3112;"1_execution_empty_0.41_"
24;100;0.41;8;200;8;5906;"2_execution_empty_0.41_"
18;100;0.41;11;200;11;5912;"3_execution_empty_0.41_"
2679;100;0.41;0;200;0;3238;"4_execution_empty_0.41_"
2819;100;0.41;196;200;196;3110;"5_execution_empty_0.41_"
1524;100;0.41;147;200;147;4405;"6_execution_empty_0.41_"
2844;100;0.41;190;200;190;3085;"7_execution_empty_0.41_"
1;100;0.41;1;200;1;5928;"8_execution_empty_0.41_"
2225;100;0.41;0;200;0;3681;"9_execution_empty_0.41_"
3035;100;0.41;190;200;190;2896;"10_execution_empty_0.41_"
265;100;0.43;52;200;52;5442;"1_execution_empty_0.43_"
817;100;0.43;121;200;121;4890;"2_execution_empty_0.43_"
837;100;0.43;141;200;141;4870;"3_execution_empty_0.43_"
723;100;0.43;136;200;136;4984;"4_execution_empty_0.43_"
167;100;0.43;29;200;29;5539;"5_execution_empty_0.43_"
38;100;0.43;13;200;13;5669;"6_execution_empty_0.43_"
63;100;0.43;19;200;19;5644;"7_execution_empty_0.43_"
24;100;0.43;11;200;11;5684;"8_execution_empty_0.43_"
63;100;0.43;19;200;19;5645;"9_execution_empty_0.43_"
1006;100;0.43;133;200;133;4703;"10_execution_empty_0.43_"
70;100;0.45;34;200;34;5446;"1_execution_empty_0.45_"
342;100;0.45;66;200;66;5173;"2_execution_empty_0.45_"
6;100;0.45;6;200;6;5509;"3_execution_empty_0.45_"
152;100;0.45;31;200;31;5363;"4_execution_empty_0.45_"
7;100;0.45;5;200;5;5509;"5_execution_empty_0.45_"
61;100;0.45;21;200;21;5454;"6_execution_empty_0.45_"
483;100;0.45;83;200;83;5034;"7_execution_empty_0.45_"
522;100;0.45;113;200;113;4993;"8_execution_empty_0.45_"
472;100;0.45;55;200;55;5043;"9_execution_empty_0.45_"
49;100;0.45;19;200;19;5468;"10_execution_empty_0.45_"
253;100;0.47;40;200;40;5076;"1_execution_empty_0.47_"
17;100;0.47;8;200;8;5312;"2_execution_empty_0.47_"
340;100;0.47;72;200;72;4988;"3_execution_empty_0.47_"
94;100;0.47;27;200;27;5233;"4_execution_empty_0.47_"
12;100;0.47;10;200;10;5315;"5_execution_empty_0.47_"
19;100;0.47;10;200;10;5308;"6_execution_empty_0.47_"
3;100;0.47;3;200;3;5324;"7_execution_empty_0.47_"
29;100;0.47;11;200;11;5300;"8_execution_empty_0.47_"
88;100;0.47;26;200;26;5242;"9_execution_empty_0.47_"
258;100;0.47;67;200;67;5073;"10_execution_empty_0.47_"
175;100;0.49;45;200;45;4956;"1_execution_empty_0.49_"
14;100;0.49;6;200;6;5116;"2_execution_empty_0.49_"
175;100;0.49;40;200;40;4954;"3_execution_empty_0.49_"
1;100;0.49;1;200;1;5128;"4_execution_empty_0.49_"
168;100;0.49;34;200;34;4961;"5_execution_empty_0.49_"
196;100;0.49;47;200;47;4932;"6_execution_empty_0.49_"
55;100;0.49;17;200;17;5074;"7_execution_empty_0.49_"
75;100;0.49;16;200;16;5054;"8_execution_empty_0.49_"
22;100;0.49;11;200;11;5106;"9_execution_empty_0.49_"
22;100;0.49;7;200;7;5106;"10_execution_empty_0.49_"
40;100;0.51;12;200;12;4908;"1_execution_empty_0.51_"
3;100;0.51;2;200;2;4946;"2_execution_empty_0.51_"
28;100;0.51;10;200;10;4920;"3_execution_empty_0.51_"
125;100;0.51;37;200;37;4823;"4_execution_empty_0.51_"
2;100;0.51;2;200;2;4946;"5_execution_empty_0.51_"
39;100;0.51;14;200;14;4910;"6_execution_empty_0.51_"
84;100;0.51;29;200;29;4864;"7_execution_empty_0.51_"
53;100;0.51;19;200;19;4897;"8_execution_empty_0.51_"
43;100;0.51;17;200;17;4906;"9_execution_empty_0.51_"
6;100;0.51;4;200;4;4942;"10_execution_empty_0.51_"
15;100;0.53;8;200;8;4757;"1_execution_empty_0.53_"
28;100;0.53;14;200;14;4746;"2_execution_empty_0.53_"
5;100;0.53;3;200;3;4769;"3_execution_empty_0.53_"
12;100;0.53;7;200;7;4763;"4_execution_empty_0.53_"
20;100;0.53;10;200;10;4754;"5_execution_empty_0.53_"
41;100;0.53;18;200;18;4733;"6_execution_empty_0.53_"
31;100;0.53;14;200;14;4743;"7_execution_empty_0.53_"
48;100;0.53;15;200;15;4726;"8_execution_empty_0.53_"
5;100;0.53;4;200;4;4767;"9_execution_empty_0.53_"
5;100;0.53;5;200;5;4769;"10_execution_empty_0.53_"
8;100;0.55;6;200;6;4541;"1_execution_empty_0.55_"
34;100;0.55;9;200;9;4514;"2_execution_empty_0.55_"
7;100;0.55;5;200;5;4541;"3_execution_empty_0.55_"
16;100;0.55;6;200;6;4532;"4_execution_empty_0.55_"
20;100;0.55;9;200;9;4526;"5_execution_empty_0.55_"
15;100;0.55;5;200;5;4531;"6_execution_empty_0.55_"
17;100;0.55;7;200;7;4529;"7_execution_empty_0.55_"
18;100;0.55;10;200;10;4528;"8_execution_empty_0.55_"
6;100;0.55;4;200;4;4539;"9_execution_empty_0.55_"
20;100;0.55;10;200;10;4525;"10_execution_empty_0.55_"
130;100;0.57;28;200;28;4207;"1_execution_empty_0.57_"
15;100;0.57;8;200;8;4323;"2_execution_empty_0.57_"
6;100;0.57;5;200;5;4332;"3_execution_empty_0.57_"
2;100;0.57;2;200;2;4335;"4_execution_empty_0.57_"
1;100;0.57;1;200;1;4334;"5_execution_empty_0.57_"
2;100;0.57;2;200;2;4335;"6_execution_empty_0.57_"
130;100;0.57;31;200;31;4207;"7_execution_empty_0.57_"
19;100;0.57;16;200;16;4318;"8_execution_empty_0.57_"
4;100;0.57;3;200;3;4332;"9_execution_empty_0.57_"
1;100;0.57;1;200;1;4334;"10_execution_empty_0.57_"
7;100;0.59;7;200;7;4139;"1_execution_empty_0.59_"
34;100;0.59;14;200;14;4112;"2_execution_empty_0.59_"
1;100;0.59;1;200;1;4145;"3_execution_empty_0.59_"
7;100;0.59;3;200;3;4138;"4_execution_empty_0.59_"
4;100;0.59;3;200;3;4141;"5_execution_empty_0.59_"
3;100;0.59;3;200;3;4142;"6_execution_empty_0.59_"
9;100;0.59;5;200;5;4135;"7_execution_empty_0.59_"
2;100;0.59;2;200;2;4142;"8_execution_empty_0.59_"
2;100;0.59;2;200;2;4142;"9_execution_empty_0.59_"
7;100;0.59;6;200;6;4137;"10_execution_empty_0.59_"
15;100;0.61;10;200;10;3902;"1_execution_empty_0.61_"
2;100;0.61;2;200;2;3914;"2_execution_empty_0.61_"
17;100;0.61;8;200;8;3899;"3_execution_empty_0.61_"
20;100;0.61;12;200;12;3896;"4_execution_empty_0.61_"
16;100;0.61;7;200;7;3899;"5_execution_empty_0.61_"
2;100;0.61;2;200;2;3912;"6_execution_empty_0.61_"
2;100;0.61;2;200;2;3914;"7_execution_empty_0.61_"
12;100;0.61;7;200;7;3903;"8_execution_empty_0.61_"
1;100;0.61;1;200;1;3914;"9_execution_empty_0.61_"
1;100;0.61;1;200;1;3913;"10_execution_empty_0.61_"
35;100;0.63;13;200;13;3670;"1_execution_empty_0.63_"
1;100;0.63;1;200;1;3705;"2_execution_empty_0.63_"
1;100;0.63;1;200;1;3705;"3_execution_empty_0.63_"
1;100;0.63;1;200;1;3703;"4_execution_empty_0.63_"
14;100;0.63;8;200;8;3691;"5_execution_empty_0.63_"
9;100;0.63;6;200;6;3697;"6_execution_empty_0.63_"
13;100;0.63;7;200;7;3692;"7_execution_empty_0.63_"
2;100;0.63;2;200;2;3704;"8_execution_empty_0.63_"
9;100;0.63;7;200;7;3698;"9_execution_empty_0.63_"
24;100;0.63;10;200;10;3684;"10_execution_empty_0.63_"
1;100;0.65;1;200;1;3502;"1_execution_empty_0.65_"
1;100;0.65;1;200;1;3503;"2_execution_empty_0.65_"
10;100;0.65;6;200;6;3493;"3_execution_empty_0.65_"
1;100;0.65;1;200;1;3503;"4_execution_empty_0.65_"
4;100;0.65;4;200;4;3501;"5_execution_empty_0.65_"
24;100;0.65;9;200;9;3481;"6_execution_empty_0.65_"
11;100;0.65;5;200;5;3494;"7_execution_empty_0.65_"
7;100;0.65;5;200;5;3498;"8_execution_empty_0.65_"
8;100;0.65;5;200;5;3496;"9_execution_empty_0.65_"
3;100;0.65;2;200;2;3502;"10_execution_empty_0.65_"
4;100;0.67;3;200;3;3315;"1_execution_empty_0.67_"
9;100;0.67;6;200;6;3311;"2_execution_empty_0.67_"
9;100;0.67;6;200;6;3311;"3_execution_empty_0.67_"
3;100;0.67;3;200;3;3316;"4_execution_empty_0.67_"
4;100;0.67;4;200;4;3315;"5_execution_empty_0.67_"
5;100;0.67;4;200;4;3313;"6_execution_empty_0.67_"
4;100;0.67;3;200;3;3314;"7_execution_empty_0.67_"
5;100;0.67;3;200;3;3311;"8_execution_empty_0.67_"
2;100;0.67;2;200;2;3315;"9_execution_empty_0.67_"
5;100;0.67;4;200;4;3312;"10_execution_empty_0.67_"
6;100;0.69;5;200;5;3103;"1_execution_empty_0.69_"
9;100;0.69;7;200;7;3102;"2_execution_empty_0.69_"
3;100;0.69;3;200;3;3107;"3_execution_empty_0.69_"
1;100;0.69;1;200;1;3108;"4_execution_empty_0.69_"
37;100;0.69;11;200;11;3073;"5_execution_empty_0.69_"
4;100;0.69;4;200;4;3106;"6_execution_empty_0.69_"
1;100;0.69;1;200;1;3109;"7_execution_empty_0.69_"
2;100;0.69;2;200;2;3108;"8_execution_empty_0.69_"
4;100;0.69;4;200;4;3105;"9_execution_empty_0.69_"
3;100;0.69;3;200;3;3106;"10_execution_empty_0.69_"
5;100;0.71;4;200;4;2926;"1_execution_empty_0.71_"
2;100;0.71;2;200;2;2929;"2_execution_empty_0.71_"
3;100;0.71;3;200;3;2929;"3_execution_empty_0.71_"
1;100;0.71;1;200;1;2931;"4_execution_empty_0.71_"
16;100;0.71;11;200;11;2916;"5_execution_empty_0.71_"
5;100;0.71;5;200;5;2926;"6_execution_empty_0.71_"
17;100;0.71;9;200;9;2916;"7_execution_empty_0.71_"
3;100;0.71;2;200;2;2930;"8_execution_empty_0.71_"
3;100;0.71;3;200;3;2929;"9_execution_empty_0.71_"
5;100;0.71;4;200;4;2927;"10_execution_empty_0.71_"
3;100;0.73;2;200;2;2738;"1_execution_empty_0.73_"
3;100;0.73;3;200;3;2738;"2_execution_empty_0.73_"
3;100;0.73;3;200;3;2738;"3_execution_empty_0.73_"
4;100;0.73;4;200;4;2737;"4_execution_empty_0.73_"
8;100;0.73;4;200;4;2733;"5_execution_empty_0.73_"
1;100;0.73;1;200;1;2739;"6_execution_empty_0.73_"
10;100;0.73;6;200;6;2731;"7_execution_empty_0.73_"
1;100;0.73;1;200;1;2740;"8_execution_empty_0.73_"
2;100;0.73;2;200;2;2738;"9_execution_empty_0.73_"
1;100;0.73;1;200;1;2738;"10_execution_empty_0.73_"
5;100;0.75;3;200;3;2503;"1_execution_empty_0.75_"
5;100;0.75;5;200;5;2502;"2_execution_empty_0.75_"
5;100;0.75;4;200;4;2502;"3_execution_empty_0.75_"
3;100;0.75;3;200;3;2504;"4_execution_empty_0.75_"
4;100;0.75;3;200;3;2502;"5_execution_empty_0.75_"
5;100;0.75;4;200;4;2501;"6_execution_empty_0.75_"
3;100;0.75;3;200;3;2504;"7_execution_empty_0.75_"
9;100;0.75;4;200;4;2498;"8_execution_empty_0.75_"
1;100;0.75;1;200;1;2506;"9_execution_empty_0.75_"
3;100;0.75;2;200;2;2502;"10_execution_empty_0.75_"
3;100;0.77;3;200;3;2302;"1_execution_empty_0.77_"
1;100;0.77;1;200;1;2303;"2_execution_empty_0.77_"
1;100;0.77;1;200;1;2304;"3_execution_empty_0.77_"
4;100;0.77;4;200;4;2301;"4_execution_empty_0.77_"
1;100;0.77;1;200;1;2303;"5_execution_empty_0.77_"
2;100;0.77;2;200;2;2303;"6_execution_empty_0.77_"
2;100;0.77;2;200;2;2303;"7_execution_empty_0.77_"
3;100;0.77;3;200;3;2302;"8_execution_empty_0.77_"
2;100;0.77;2;200;2;2303;"9_execution_empty_0.77_"
2;100;0.77;2;200;2;2302;"10_execution_empty_0.77_"
1;100;0.79;1;200;1;2074;"1_execution_empty_0.79_"
1;100;0.79;1;200;1;2074;"2_execution_empty_0.79_"
1;100;0.79;1;200;1;2072;"3_execution_empty_0.79_"
2;100;0.79;2;200;2;2071;"4_execution_empty_0.79_"
4;100;0.79;4;200;4;2068;"5_execution_empty_0.79_"
2;100;0.79;2;200;2;2071;"6_execution_empty_0.79_"
1;100;0.79;1;200;1;2070;"7_execution_empty_0.79_"
1;100;0.79;1;200;1;2071;"8_execution_empty_0.79_"
4;100;0.79;4;200;4;2069;"9_execution_empty_0.79_"
1;100;0.79;1;200;1;2073;"10_execution_empty_0.79_"
2;100;0.81;2;200;2;1861;"1_execution_empty_0.81_"
1;100;0.81;1;200;1;1861;"2_execution_empty_0.81_"
1;100;0.81;1;200;1;1862;"3_execution_empty_0.81_"
3;100;0.81;3;200;3;1860;"4_execution_empty_0.81_"
5;100;0.81;4;200;4;1858;"5_execution_empty_0.81_"
3;100;0.81;3;200;3;1861;"6_execution_empty_0.81_"
1;100;0.81;1;200;1;1863;"7_execution_empty_0.81_"
3;100;0.81;3;200;3;1862;"8_execution_empty_0.81_"
4;100;0.81;3;200;3;1860;"9_execution_empty_0.81_"
2;100;0.81;2;200;2;1863;"10_execution_empty_0.81_"
1;100;0.83;1;200;1;1685;"1_execution_empty_0.83_"
1;100;0.83;1;200;1;1683;"2_execution_empty_0.83_"
2;100;0.83;2;200;2;1683;"3_execution_empty_0.83_"
1;100;0.83;1;200;1;1684;"4_execution_empty_0.83_"
3;100;0.83;3;200;3;1682;"5_execution_empty_0.83_"
1;100;0.83;1;200;1;1684;"6_execution_empty_0.83_"
5;100;0.83;5;200;5;1680;"7_execution_empty_0.83_"
1;100;0.83;1;200;1;1684;"8_execution_empty_0.83_"
3;100;0.83;2;200;2;1682;"9_execution_empty_0.83_"
1;100;0.83;1;200;1;1684;"10_execution_empty_0.83_"
1;100;0.85;1;200;1;1511;"1_execution_empty_0.85_"
1;100;0.85;1;200;1;1511;"2_execution_empty_0.85_"
3;100;0.85;3;200;3;1509;"3_execution_empty_0.85_"
5;100;0.85;3;200;3;1508;"4_execution_empty_0.85_"
1;100;0.85;1;200;1;1511;"5_execution_empty_0.85_"
2;100;0.85;2;200;2;1510;"6_execution_empty_0.85_"
1;100;0.85;1;200;1;1511;"7_execution_empty_0.85_"
3;100;0.85;3;200;3;1509;"8_execution_empty_0.85_"
3;100;0.85;3;200;3;1509;"9_execution_empty_0.85_"
5;100;0.85;4;200;4;1507;"10_execution_empty_0.85_"
2;100;0.87;2;200;2;1321;"1_execution_empty_0.87_"
1;100;0.87;1;200;1;1321;"2_execution_empty_0.87_"
2;100;0.87;2;200;2;1320;"3_execution_empty_0.87_"
2;100;0.87;2;200;2;1320;"4_execution_empty_0.87_"
4;100;0.87;4;200;4;1318;"5_execution_empty_0.87_"
3;100;0.87;2;200;2;1318;"6_execution_empty_0.87_"
5;100;0.87;3;200;3;1317;"7_execution_empty_0.87_"
1;100;0.87;1;200;1;1321;"8_execution_empty_0.87_"
1;100;0.87;1;200;1;1321;"9_execution_empty_0.87_"
5;100;0.87;4;200;4;1316;"10_execution_empty_0.87_"
2;100;0.89;2;200;2;1095;"1_execution_empty_0.89_"
2;100;0.89;2;200;2;1095;"2_execution_empty_0.89_"
1;100;0.89;1;200;1;1096;"3_execution_empty_0.89_"
1;100;0.89;1;200;1;1096;"4_execution_empty_0.89_"
2;100;0.89;2;200;2;1094;"5_execution_empty_0.89_"
1;100;0.89;1;200;1;1094;"6_execution_empty_0.89_"
1;100;0.89;1;200;1;1094;"7_execution_empty_0.89_"
1;100;0.89;1;200;1;1092;"8_execution_empty_0.89_"
1;100;0.89;1;200;1;1094;"9_execution_empty_0.89_"
1;100;0.89;1;200;1;1093;"10_execution_empty_0.89_"
1;100;0.91;1;200;1;919;"1_execution_empty_0.91_"
1;100;0.91;1;200;1;919;"2_execution_empty_0.91_"
1;100;0.91;1;200;1;918;"3_execution_empty_0.91_"
1;100;0.91;1;200;1;918;"4_execution_empty_0.91_"
1;100;0.91;1;200;1;917;"5_execution_empty_0.91_"
1;100;0.91;1;200;1;918;"6_execution_empty_0.91_"
2;100;0.91;2;200;2;917;"7_execution_empty_0.91_"
1;100;0.91;1;200;1;918;"8_execution_empty_0.91_"
3;100;0.91;2;200;2;915;"9_execution_empty_0.91_"
1;100;0.91;1;200;1;917;"10_execution_empty_0.91_"
1;100;0.93;1;200;1;698;"1_execution_empty_0.93_"
2;100;0.93;2;200;2;697;"2_execution_empty_0.93_"
1;100;0.93;1;200;1;698;"3_execution_empty_0.93_"
1;100;0.93;1;200;1;698;"4_execution_empty_0.93_"
2;100;0.93;2;200;2;697;"5_execution_empty_0.93_"
1;100;0.93;1;200;1;698;"6_execution_empty_0.93_"
1;100;0.93;1;200;1;698;"7_execution_empty_0.93_"
1;100;0.93;1;200;1;698;"8_execution_empty_0.93_"
1;100;0.93;1;200;1;697;"9_execution_empty_0.93_"
3;100;0.93;3;200;3;696;"10_execution_empty_0.93_"
1;100;0.95;1;200;1;499;"1_execution_empty_0.95_"
1;100;0.95;1;200;1;499;"2_execution_empty_0.95_"
1;100;0.95;1;200;1;499;"3_execution_empty_0.95_"
3;100;0.95;3;200;3;497;"4_execution_empty_0.95_"
1;100;0.95;1;200;1;499;"5_execution_empty_0.95_"
1;100;0.95;1;200;1;499;"6_execution_empty_0.95_"
4;100;0.95;3;200;3;496;"7_execution_empty_0.95_"
1;100;0.95;1;200;1;499;"8_execution_empty_0.95_"
2;100;0.95;2;200;2;498;"9_execution_empty_0.95_"
3;100;0.95;3;200;3;497;"10_execution_empty_0.95_"
1;100;0.97;1;200;1;298;"1_execution_empty_0.97_"
1;100;0.97;1;200;1;298;"2_execution_empty_0.97_"
1;100;0.97;1;200;1;298;"3_execution_empty_0.97_"
1;100;0.97;1;200;1;298;"4_execution_empty_0.97_"
1;100;0.97;1;200;1;298;"5_execution_empty_0.97_"
1;100;0.97;1;200;1;297;"6_execution_empty_0.97_"
1;100;0.97;1;200;1;296;"7_execution_empty_0.97_"
1;100;0.97;1;200;1;297;"8_execution_empty_0.97_"
1;100;0.97;1;200;1;297;"9_execution_empty_0.97_"
1;100;0.97;1;200;1;297;"10_execution_empty_0.97_"
1;100;0.99;1;200;1;96;"1_execution_empty_0.99_"
1;100;0.99;1;200;1;96;"2_execution_empty_0.99_"
1;100;0.99;1;200;1;96;"3_execution_empty_0.99_"
1;100;0.99;1;200;1;96;"4_execution_empty_0.99_"
1;100;0.99;1;200;1;96;"5_execution_empty_0.99_"
1;100;0.99;1;200;1;96;"6_execution_empty_0.99_"
1;100;0.99;1;200;1;96;"7_execution_empty_0.99_"
2;100;0.99;2;200;2;95;"8_execution_empty_0.99_"
1;100;0.99;1;200;1;96;"9_execution_empty_0.99_"
1;100;0.99;1;200;1;96;"10_execution_empty_0.99_"
